id_municipio,cnae_divisao,S_xi
1200401,00,0.016877493538135502
1200401,01,0.022285644051507392
1200401,02,3.948069256872847e-4
1200401,03,7.77491894744239e-5
1200401,08,0.00289901204994425
1200401,10,0.015234692375819746
1200401,11,0.004505773152948294
1200401,12,4.9683966290735976e-5
1200401,13,6.504673883877311e-4
1200401,14,0.0016292971708013494
1200401,15,0.0012943316482697806
1200401,16,0.009217630840823235
1200401,17,5.328041219464764e-4
1200401,18,0.0011515608161635862
1200401,20,2.563215964881596e-4
1200401,21,4.7992636617666905e-5
1200401,22,0.0012643059608246007
1200401,23,0.006575813981997441
1200401,24,7.085054591104477e-4
1200401,25,0.0013177072940963985
1200401,26,1.7193435340079007e-4
1200401,27,3.783461428442826e-4
1200401,28,1.322513500361802e-4
1200401,29,5.161753966137967e-4
1200401,30,6.276597080127039e-5
1200401,31,0.0017843496205454177
1200401,32,5.818517628405589e-4
1200401,33,5.561363866935083e-4
1200401,35,0.00587199688684429
1200401,36,0.0058178812308982515
1200401,38,0.0014836870068839648
1200401,41,0.0386146338187353
1200401,42,0.011257299108280704
1200401,43,0.011093411557341995
1200401,45,0.02087138491464557
1200401,46,0.01922315233799319
1200401,47,0.1172192673119067
1200401,49,0.02148859280257257
1200401,51,0.0013100129716175114
1200401,52,0.003795575099575252
1200401,53,0.003089162428163729
1200401,55,0.006094743407451228
1200401,56,0.013764048222360775
1200401,58,9.399147699934559e-4
1200401,59,4.969643988076394e-4
1200401,60,0.0026437386513854274
1200401,61,0.0016429881631384263
1200401,62,3.6587430350472236e-4
1200401,63,0.0022947884552725808
1200401,64,0.00704111917470599
1200401,65,0.001260956565841844
1200401,66,3.2367215877917823e-4
1200401,68,8.207651745007677e-4
1200401,69,0.0017194550685027902
1200401,70,2.66069206600056e-4
1200401,71,0.0013565963207810693
1200401,72,0.0033116648442374727
1200401,73,3.018236939045286e-4
1200401,74,5.002420722864555e-4
1200401,75,1.7808815508747278e-4
1200401,77,0.001766719126996831
1200401,78,0.004235062674009781
1200401,79,0.0013422494275045693
1200401,80,0.01459046624923862
1200401,81,0.017118360982101465
1200401,82,0.003230415193179916
1200401,84,0.48045398192702415
1200401,85,0.036227631881732024
1200401,86,0.018610870889383905
1200401,87,3.8356335320720155e-5
1200401,88,0.004047464178044054
1200401,90,1.8402557484678995e-4
1200401,91,0.004281783884352554
1200401,92,1.0638516500826461e-4
1200401,93,0.002230380858825455
1200401,94,0.010347295236073936
1200401,95,0.0011094202762257782
1200401,96,0.0021526762277750485
1200401,97,4.041899614150956e-4
1200401,99,1.3377212079542673e-5
1501402,00,0.059394719452716245
1501402,01,0.003016857150554066
1501402,02,2.9717793191653865e-4
1501402,03,0.003993885543089108
1501402,05,3.496959803163324e-5
1501402,06,9.359634387002801e-5
1501402,07,1.2221525834033064e-4
1501402,08,1.0279279268948607e-4
1501402,09,3.4864391503298466e-5
1501402,10,0.010773398967524809
1501402,11,0.005275761296840462
1501402,12,2.728206659574797e-4
1501402,13,0.0017864501956712517
1501402,14,0.0016046569562049333
1501402,15,7.907661746365095e-4
1501402,16,0.01055070448801455
1501402,17,0.0020186940584641204
1501402,18,0.0010637129063395436
1501402,19,7.212355634752909e-4
1501402,20,0.0017956010752403486
1501402,21,1.8967008488337856e-4
1501402,22,6.530793202478765e-4
1501402,23,0.001206485951295656
1501402,24,0.00154205992919587
1501402,25,8.492882629388375e-4
1501402,26,1.0971620819765244e-4
1501402,27,1.9155798578656378e-4
1501402,28,2.0214580079869698e-4
1501402,29,1.1803994864637544e-4
1501402,30,0.0011214423714008877
1501402,31,4.5979746612375e-4
1501402,32,3.9451643073975227e-4
1501402,33,0.0013156851704480615
1501402,35,0.005198915051034858
1501402,36,8.023990399192405e-4
1501402,37,0.003271356245802033
1501402,38,0.0016131972772015462
1501402,41,0.02717073115940506
1501402,42,0.009958755006303386
1501402,43,0.0061526418774618015
1501402,45,0.01261500946134014
1501402,46,0.02330505168908481
1501402,47,0.14005206023615677
1501402,49,0.022024006697531243
1501402,50,0.006300548504044837
1501402,51,0.0013324111847453249
1501402,52,0.004185078621843972
1501402,53,0.0050388882672154555
1501402,55,0.007119847655429426
1501402,56,0.018715743381043492
1501402,58,0.002983643684332566
1501402,59,4.3503170267878246e-4
1501402,60,0.0028021778158035656
1501402,61,0.003913883839483065
1501402,62,0.002368563060944399
1501402,63,0.0022172864815462544
1501402,64,0.0154665369293864
1501402,65,0.0019007767736134856
1501402,66,0.0020834184949213644
1501402,68,0.0015642454726478155
1501402,69,0.004572002917157042
1501402,70,9.17913386682519e-4
1501402,71,0.0036441859938214144
1501402,72,0.0070499367139831804
1501402,73,0.0016283938446120766
1501402,74,0.0012694016231119543
1501402,75,1.1317670544571706e-4
1501402,77,0.002598374983932735
1501402,78,0.005982409312497109
1501402,79,0.0015157206462537655
1501402,80,0.02845639140418263
1501402,81,0.03560641943994982
1501402,82,0.00971657595568166
1501402,84,0.3357837703997527
1501402,85,0.047413120685612126
1501402,86,0.03267834959651439
1501402,87,5.8644059123964306e-5
1501402,88,0.0013491374265251984
1501402,90,3.989417055863643e-4
1501402,91,1.1697785748105268e-5
1501402,92,1.1849128191150346e-4
1501402,93,0.005766835591175871
1501402,94,0.02419476265203792
1501402,95,0.0021404691588363433
1501402,96,0.00416201462812057
1501402,97,1.386559274586316e-4
1501402,99,3.5291354257415555e-5
2111300,00,0.013900703645608999
2111300,01,0.0016716193974852516
2111300,02,7.895675660734543e-5
2111300,03,6.476894723699266e-5
2111300,06,4.24937003089292e-6
2111300,07,8.947543114785653e-5
2111300,08,2.775224458462063e-4
2111300,09,1.0775898201781229e-4
2111300,10,0.0039905840356943036
2111300,11,0.004530730649040039
2111300,13,7.760780799568394e-4
2111300,14,0.0014173318114260184
2111300,15,2.6221495347798893e-5
2111300,16,7.386282497001285e-4
2111300,17,0.0010664865326735738
2111300,18,0.0025340345526678526
2111300,19,4.254986509600918e-4
2111300,20,0.002101101973024501
2111300,21,1.3221226339448492e-4
2111300,22,0.00114142952202034
2111300,23,0.002221019887056753
2111300,24,0.00840317918088404
2111300,25,0.005121286820448348
2111300,26,8.661309773658428e-5
2111300,27,3.58393034684804e-5
2111300,28,0.005625443735505046
2111300,29,3.1507160779425426e-4
2111300,30,1.287162150331583e-4
2111300,31,0.0011256611990186022
2111300,32,2.050766401402357e-4
2111300,33,0.0016580924423248713
2111300,35,0.003804662671738307
2111300,36,0.005290583333221963
2111300,37,9.576992658778866e-5
2111300,38,0.003469740789905249
2111300,41,0.036159226101411535
2111300,42,0.044781955744416194
2111300,43,0.011517029850482821
2111300,45,0.01924241213394159
2111300,46,0.02239527720161093
2111300,47,0.11548482766178149
2111300,49,0.041376113229877075
2111300,50,0.002052454143646455
2111300,51,8.405538275432096e-4
2111300,52,0.006047731373340796
2111300,53,0.004444900643818302
2111300,55,0.006512439844103203
2111300,56,0.019735500227135962
2111300,58,0.0011422329430793863
2111300,59,5.730144515838857e-4
2111300,60,0.002029407024358807
2111300,61,0.0022185785576379936
2111300,62,0.0011101922129645376
2111300,63,8.660680236392001e-4
2111300,64,0.010834725564671533
2111300,65,0.001795433199916078
2111300,66,0.0013186393060854945
2111300,68,0.0012242182186945425
2111300,69,0.0032411642586673566
2111300,70,0.0011536594567478438
2111300,71,0.004245149047416111
2111300,72,2.5452146097203985e-5
2111300,73,8.789494470754104e-4
2111300,74,0.001151010915536094
2111300,75,5.744238235570093e-5
2111300,77,0.003241593928029586
2111300,78,0.012147494182001095
2111300,79,0.001439625699200357
2111300,80,0.028006116500249895
2111300,81,0.029633995309415843
2111300,82,0.012126694403516049
2111300,84,0.3654154610733232
2111300,85,0.029609969218780167
2111300,86,0.03173515610648806
2111300,87,3.0752854729193643e-4
2111300,88,0.0029425951383984456
2111300,90,2.122502815854634e-4
2111300,91,1.555961717977804e-4
2111300,92,1.3434932164331581e-5
2111300,93,0.0011889436074692134
2111300,94,0.0399103948507015
2111300,95,0.0014147987196428912
2111300,96,0.0032823061775657317
2111300,97,1.9237240198372962e-4
2304400,00,0.08014142934722364
2304400,01,0.003818235026792528
2304400,02,3.397088311304223e-5
2304400,03,1.675819643305341e-4
2304400,05,2.7406005536571013e-6
2304400,06,5.635677308612489e-4
2304400,07,1.3868068178794052e-5
2304400,08,3.057290750312702e-4
2304400,09,7.964233573411569e-5
2304400,10,0.020421519024931896
2304400,11,0.003050312493499022
2304400,12,1.1986819311091662e-4
2304400,13,0.006722699901212496
2304400,14,0.0556496291884258
2304400,15,0.006380601689000955
2304400,16,0.0013358726162546542
2304400,17,8.601633387325449e-4
2304400,18,0.002804481124215072
2304400,19,0.0011365485126830564
2304400,20,0.0014509224695750896
2304400,21,0.0010534251403842925
2304400,22,0.0028540729174537306
2304400,23,0.0018271462704268497
2304400,24,8.174591089952436e-4
2304400,25,0.0037040787540249744
2304400,26,5.617261034515236e-4
2304400,27,0.0020140660104526415
2304400,28,0.001221987855022538
2304400,29,6.813446747377115e-4
2304400,30,0.0010895808412768847
2304400,31,0.0023048717495049963
2304400,32,0.0011882460515138572
2304400,33,0.0014613946077047307
2304400,35,0.0019763205760245377
2304400,36,0.0013948908526767738
2304400,37,5.860016704124405e-4
2304400,38,0.005469155132493784
2304400,39,8.76363989554981e-6
2304400,41,0.031743662664216285
2304400,42,0.014339390059376384
2304400,43,0.008506767416417501
2304400,45,0.02090169549927911
2304400,46,0.028843206897788316
2304400,47,0.1311449994047909
2304400,49,0.030920803552990178
2304400,50,6.890603897595948e-4
2304400,51,0.0014513989979306992
2304400,52,0.0057313856996879025
2304400,53,0.006590170386468383
2304400,55,0.007389756170061308
2304400,56,0.03206661326556167
2304400,58,0.0043165027171700706
2304400,59,6.444974980427715e-4
2304400,60,0.0025555744827893746
2304400,61,0.001983230880122017
2304400,62,0.004101028783325097
2304400,63,0.001692514897848153
2304400,64,0.014289117914677385
2304400,65,0.0029174266588326662
2304400,66,0.0018849677275046884
2304400,68,0.0031205001749183147
2304400,69,0.004542695889340678
2304400,70,0.0019455135134100491
2304400,71,0.002739891333649766
2304400,72,8.672521986611179e-4
2304400,73,0.0011164597578477134
2304400,74,0.0012693427292158306
2304400,75,7.137898952612291e-5
2304400,77,0.005106157647510871
2304400,78,0.036260973925213005
2304400,79,0.0016469804034291392
2304400,80,0.011501385667113227
2304400,81,0.03719980638587123
2304400,82,0.02612107938771931
2304400,84,0.1668708222991298
2304400,85,0.04779988360960092
2304400,86,0.03205396975800141
2304400,87,0.0022902040982369573
2304400,88,0.0020984961636423033
2304400,90,2.673080036000672e-4
2304400,91,1.2146791941213274e-5
2304400,92,2.9103907821669583e-5
2304400,93,0.0036469257795804385
2304400,94,0.02990627577554872
2304400,95,0.003249556495098605
2304400,96,0.008123697456350094
2304400,97,1.6375777329436292e-4
2304400,99,4.581326989627996e-6
2611606,00,0.04679224921393247
2611606,01,0.004273748498150423
2611606,02,6.960380273847701e-5
2611606,03,2.818695850057325e-4
2611606,05,8.828655398959182e-5
2611606,06,1.533240596118932e-5
2611606,07,1.2485794397290918e-5
2611606,08,9.711974296979246e-4
2611606,09,2.3349439755444845e-4
2611606,10,0.015042869083536628
2611606,11,0.0020357230697018946
2611606,12,2.2655941140924465e-4
2611606,13,8.321608535215776e-4
2611606,14,0.0052050910223736535
2611606,15,7.58063649205534e-4
2611606,16,4.7474330273656094e-4
2611606,17,0.0011545768093468463
2611606,18,0.0021136767173032148
2611606,19,8.536608582037663e-5
2611606,20,0.003227655405393092
2611606,21,5.181497240063037e-4
2611606,22,0.0032872750255262886
2611606,23,0.003914136644850663
2611606,24,0.001275030879514437
2611606,25,0.002707712653300832
2611606,26,8.386443124792744e-4
2611606,27,0.002425308072365083
2611606,28,0.001305156732903172
2611606,29,4.7536225670815214e-4
2611606,30,2.380134449867096e-4
2611606,31,0.0017427144323374911
2611606,32,0.0012907218741847737
2611606,33,0.0013879737182740553
2611606,35,0.003444874934221005
2611606,36,0.0061837698116561325
2611606,37,0.003964374439546715
2611606,38,4.941347912972185e-4
2611606,39,1.1325196520008466e-4
2611606,41,0.03828163824279987
2611606,42,0.014958244751182227
2611606,43,0.011130284962506924
2611606,45,0.019083770712076255
2611606,46,0.035524990216962725
2611606,47,0.11912990880821453
2611606,49,0.022579750068206218
2611606,50,2.439891753560614e-4
2611606,51,0.001290589536122533
2611606,52,0.005842805916128386
2611606,53,0.004295345476775907
2611606,55,0.008078831844479419
2611606,56,0.03174555492335006
2611606,58,0.004171552528512431
2611606,59,4.591821528784416e-4
2611606,60,0.001204225577850624
2611606,61,0.0024014648621800997
2611606,62,0.005537633533920451
2611606,63,0.0018366036559350517
2611606,64,0.014092285822618145
2611606,65,0.0025999114059528177
2611606,66,0.003040481746711997
2611606,68,0.0021665898582969917
2611606,69,0.005401369172701636
2611606,70,0.008967469273933814
2611606,71,0.006852864702846829
2611606,72,4.915018770723604e-4
2611606,73,0.0017159694544677175
2611606,74,0.001232423122069328
2611606,75,8.29641099471935e-5
2611606,77,0.005196164498142786
2611606,78,0.017955919116541298
2611606,79,0.001982660351715664
2611606,80,0.009882379587558318
2611606,81,0.0352607462835093
2611606,82,0.040792287601549154
2611606,84,0.2595154953510944
2611606,85,0.04185224943218833
2611606,86,0.046451073999564135
2611606,87,0.0031067273288931906
2611606,88,0.001722572878801762
2611606,90,2.364333984759306e-4
2611606,91,1.6152107184977502e-4
2611606,92,1.8675115077305106e-4
2611606,93,0.00416931297540557
2611606,94,0.028492311397648226
2611606,95,0.0028527866419056423
2611606,96,0.006064689295462064
2611606,97,1.123335235626595e-4
2611606,99,1.4369105976628656e-4
2800308,00,0.06296291834221963
2800308,01,0.006950264520097786
2800308,02,1.59671290037576e-5
2800308,03,2.9103685689981017e-5
2800308,05,1.6292925068837608e-5
2800308,06,0.00592436075759142
2800308,07,1.0753351357531735e-5
2800308,08,4.3938788107403975e-4
2800308,09,0.0011375413371960343
2800308,10,0.006580089734354143
2800308,11,3.3705545186019363e-4
2800308,12,1.0136557506123565e-4
2800308,13,0.009240242826484835
2800308,14,0.006895064766326287
2800308,15,2.944180599555647e-4
2800308,16,5.298074593412845e-4
2800308,17,7.271969482102239e-4
2800308,18,0.0017019514626939233
2800308,19,4.6314359282694515e-4
2800308,20,5.858850223320616e-4
2800308,21,1.088469843578112e-4
2800308,22,0.002358876866609913
2800308,23,0.0034806746286299073
2800308,24,1.2947823801413578e-4
2800308,25,0.0028379046238422205
2800308,26,0.0010279451108483153
2800308,27,0.004611423031844377
2800308,28,3.017888836444652e-4
2800308,29,1.795665579473262e-4
2800308,30,3.481891060199767e-4
2800308,31,0.0020206918699575602
2800308,32,5.618801349987355e-4
2800308,33,0.0011960432201740061
2800308,35,0.00542983040273119
2800308,36,0.0054909776854557175
2800308,37,2.2333642282051567e-5
2800308,38,9.757386688586363e-5
2800308,41,0.054652666746985164
2800308,42,0.0073716616332528346
2800308,43,0.014770763228834593
2800308,45,0.01727883817589933
2800308,46,0.0222703014326273
2800308,47,0.12047297092339104
2800308,49,0.027147575000304392
2800308,50,2.7244278633106484e-4
2800308,51,5.257119257330073e-4
2800308,52,0.002633996149659945
2800308,53,0.0037056629313278223
2800308,55,0.008830390415950526
2800308,56,0.027815444482012723
2800308,58,0.0027031514368355456
2800308,59,4.446554352333312e-4
2800308,60,0.0038742615167917
2800308,61,0.0014821605006447602
2800308,62,0.0014162436416805578
2800308,63,0.0036797672992090634
2800308,64,0.011458138655757476
2800308,65,0.002406571658204763
2800308,66,0.0028766527256293972
2800308,68,0.0011421575781758136
2800308,69,0.0038747228753052646
2800308,70,3.935273041206612e-4
2800308,71,0.002904379755898347
2800308,72,0.0016242562594548093
2800308,73,0.0010108690151540293
2800308,74,0.001199893273089845
2800308,75,1.2335880899180487e-4
2800308,77,0.004421194668526009
2800308,78,0.01066533960152894
2800308,79,0.0016220341412021416
2800308,80,0.02125726034435821
2800308,81,0.029746447189327438
2800308,82,0.011078557581320586
2800308,84,0.25518283992814894
2800308,85,0.09339918789718205
2800308,86,0.04967073645752187
2800308,87,0.00525166172766381
2800308,88,0.0036734459838903286
2800308,90,5.289891348152783e-4
2800308,91,1.0159040973437601e-4
2800308,92,3.262271200690025e-5
2800308,93,0.003838943753370992
2800308,94,0.01730420333776093
2800308,95,0.0019071827843539723
2800308,96,0.004431102841059835
2800308,97,4.091659513461101e-4
2800308,99,2.2333642282051567e-5
2927408,00,0.10535926217257024
2927408,01,0.001688403616644369
2927408,02,4.2746159207903206e-6
2927408,03,4.5207692359812124e-5
2927408,05,5.6849857144137504e-6
2927408,06,0.001371110432591523
2927408,07,6.935755681018789e-5
2927408,08,4.362774005565931e-4
2927408,09,0.0025070899541264915
2927408,10,0.005665181856210057
2927408,11,5.58400445004949e-4
2927408,12,1.1527569127404896e-4
2927408,13,0.0013040025621223446
2927408,14,0.005709425069657023
2927408,15,2.468670311560328e-4
2927408,16,4.305378777222653e-4
2927408,17,4.701069380638183e-4
2927408,18,0.0012584457629207916
2927408,19,3.1342417230671797e-4
2927408,20,0.0015353907671022472
2927408,21,3.891061084451767e-5
2927408,22,0.002592887687867424
2927408,23,0.0016507768570971097
2927408,24,3.0802887874089647e-4
2927408,25,0.0023026024977000586
2927408,26,7.320046765585027e-4
2927408,27,5.363401059091244e-4
2927408,28,5.96139809692944e-4
2927408,29,1.9755546417136085e-4
2927408,30,1.9875016203361169e-4
2927408,31,0.0018926272257139257
2927408,32,4.1409974632595164e-4
2927408,33,0.001093772948192725
2927408,35,0.002621865627216435
2927408,36,0.005152305047597633
2927408,37,1.2296810984476836e-4
2927408,38,0.0055029178752258184
2927408,39,1.5194220118666859e-5
2927408,41,0.03601705886539802
2927408,42,0.01890909698916517
2927408,43,0.010835281645578069
2927408,45,0.016649962728287945
2927408,46,0.025549062565615087
2927408,47,0.11887831017562064
2927408,49,0.03598952038709752
2927408,50,0.00105387882750844
2927408,51,8.609598413488415e-4
2927408,52,0.009811683128837373
2927408,53,0.005048459707677035
2927408,55,0.009568897140479033
2927408,56,0.03262080568666108
2927408,58,0.002149485518590907
2927408,59,5.259308543374242e-4
2927408,60,0.001742348612320824
2927408,61,0.003136157925263393
2927408,62,0.006097737108261649
2927408,63,0.002612668370136335
2927408,64,0.012994946290366707
2927408,65,0.0020854622049355466
2927408,66,0.0024040575685507436
2927408,68,0.003020370841303656
2927408,69,0.00429846974322467
2927408,70,0.0037198718554207946
2927408,71,0.005613094607439532
2927408,72,0.0017382501887361907
2927408,73,0.0013914391656366558
2927408,74,0.0038097656361928607
2927408,75,1.1644648922966903e-4
2927408,77,0.0043869419997476225
2927408,78,0.020890633070689647
2927408,79,0.0024149364674219027
2927408,80,0.01100046693019035
2927408,81,0.03878630726465484
2927408,82,0.028475859400235393
2927408,84,0.2063689616218356
2927408,85,0.04954615467447069
2927408,86,0.055728092468216466
2927408,87,0.004339190310094895
2927408,88,0.002756688053539138
2927408,90,7.677546128554183e-4
2927408,91,1.5139276932328496e-4
2927408,92,1.0126445469296608e-4
2927408,93,0.0036219987507042145
2927408,94,0.02651501846576946
2927408,95,0.0025610733329022306
2927408,96,0.007124617376165884
2927408,97,9.352665728590189e-5
2927408,99,6.629597837518129e-5
3106200,00,0.015420022967410183
3106200,01,0.004482292115167814
3106200,02,2.721268554603286e-4
3106200,03,6.204229456584588e-5
3106200,05,1.2862261929269452e-6
3106200,06,5.9599956008883544e-06
3106200,07,0.0011163700847958685
3106200,08,3.406677443990844e-4
3106200,09,9.62915149733198e-5
3106200,10,0.005961976493920065
3106200,11,0.0011270162810627974
3106200,13,0.001621357795876921
3106200,14,0.006436624802049021
3106200,15,0.002137196129638155
3106200,16,3.3500876045125603e-4
3106200,17,0.0010431847843927753
3106200,18,0.002524137964712809
3106200,19,4.0843194605322927e-5
3106200,20,0.001722445039891406
3106200,21,6.584877389408237e-4
3106200,22,0.0025484651609940204
3106200,23,0.0017491112707970278
3106200,24,0.006566700383277186
3106200,25,0.004662626327722814
3106200,26,0.0015631837215764968
3106200,27,0.0014406513309792137
3106200,28,0.002027715257961782
3106200,29,0.0023289557872241433
3106200,30,3.564820501806238e-5
3106200,31,0.0019389761583835196
3106200,32,0.002208100895160057
3106200,33,0.0015853364259932198
3106200,35,0.008999781797141634
3106200,36,0.009431961305040029
3106200,37,1.9300989177427157e-4
3106200,38,0.0021746877139297467
3106200,39,2.5289556954528113e-6
3106200,41,0.031482207971210124
3106200,42,0.04406860303781612
3106200,43,0.014038085518008914
3106200,45,0.016911712925918827
3106200,46,0.020378010248183732
3106200,47,0.09831033469845102
3106200,49,0.029766641856511258
3106200,50,7.730028072420486e-6
3106200,51,8.598405533233937e-4
3106200,52,0.003812521415488848
3106200,53,0.004505718935450233
3106200,55,0.004175484501503961
3106200,56,0.028305000236529636
3106200,58,0.003138762253431476
3106200,59,3.700493032105173e-4
3106200,60,0.0018148812283263446
3106200,61,0.005343597824381461
3106200,62,0.013975181659865724
3106200,63,0.005456399793407656
3106200,64,0.013880796895747945
3106200,65,0.002559882325221926
3106200,66,0.004515607737685428
3106200,68,0.002027342416879174
3106200,69,0.005189763640086717
3106200,70,0.002420478155089054
3106200,71,0.01155372215776639
3106200,72,0.0010723644058855347
3106200,73,0.0017007612090515082
3106200,74,0.0034729721519223137
3106200,75,1.498175915766899e-4
3106200,77,0.006026991020312012
3106200,78,0.024825194872846533
3106200,79,0.0016053342698800648
3106200,80,0.01570734050948312
3106200,81,0.05570370883715037
3106200,82,0.03443924418116132
3106200,84,0.27746878678081804
3106200,85,0.03365719042763015
3106200,86,0.03476826338872265
3106200,87,0.0015822659729692499
3106200,88,0.003995786531975111
3106200,90,6.628004721358431e-4
3106200,91,2.1667711595850048e-4
3106200,92,9.880420196043875e-5
3106200,93,0.0053775064277452175
3106200,94,0.026721235506124503
3106200,95,0.0020743993395487027
3106200,96,0.004710215266347144
3106200,97,0.00018008292078874882
3106200,99,5.3535314926252985e-5
3205309,00,0.012405196154461196
3205309,01,0.0027941992883825113
3205309,02,1.1374448123525822e-5
3205309,03,3.6848172734012534e-4
3205309,06,0.00468183277359023
3205309,07,0.00754087945113773
3205309,08,1.4588802993106907e-4
3205309,09,9.113519254672307e-4
3205309,10,0.002902028266825202
3205309,11,9.901774397972116e-6
3205309,13,3.0816729501530264e-4
3205309,14,0.001956371814628437
3205309,15,1.1867561582828851e-4
3205309,16,2.6601608818870994e-5
3205309,17,2.475443599493029e-5
3205309,18,0.0025671537272309365
3205309,20,8.368791461529825e-5
3205309,21,7.853559492894729e-5
3205309,22,0.0036448147548392095
3205309,23,3.2125066576477694e-4
3205309,24,0.0012848807393065263
3205309,25,4.7446305663415505e-4
3205309,26,1.1018170610817076e-5
3205309,27,4.547046011558591e-6
3205309,28,4.742758451436287e-4
3205309,29,3.9537589540695903e-4
3205309,30,2.0395156281477926e-5
3205309,31,4.6313672699292783e-4
3205309,32,4.5014285624572466e-4
3205309,33,0.00426763038777326
3205309,35,2.6828934320680256e-4
3205309,36,0.00395554210337094
3205309,37,0.003635852252169093
3205309,38,0.006039286636195936
3205309,39,5.4422339804792494e-5
3205309,41,0.047309399953746736
3205309,42,0.011865955940964687
3205309,43,0.006618999842940114
3205309,45,0.013230350114380151
3205309,46,0.020517520540278104
3205309,47,0.10436414091586742
3205309,49,0.03403537666406174
3205309,50,0.00148664194354562
3205309,51,0.0014064381561765594
3205309,52,0.017577906330281005
3205309,53,0.005568316378152042
3205309,55,0.0037305567875427245
3205309,56,0.03351251800917086
3205309,58,0.006273946895149429
3205309,59,5.822501387792317e-4
3205309,60,0.003554243892880261
3205309,61,0.0028536879674044527
3205309,62,0.008441092943510269
3205309,63,0.004068192469430015
3205309,64,0.022166660061859803
3205309,65,0.00202770606315461
3205309,66,0.002897496513761229
3205309,68,0.0026718045566804017
3205309,69,0.006737057916522167
3205309,70,0.0021547121304072853
3205309,71,0.007996167675856633
3205309,72,1.9647641472509385e-4
3205309,73,0.0015829665513000496
3205309,74,0.0025496428227275592
3205309,75,1.8845879229779233e-4
3205309,77,0.003810912241749301
3205309,78,0.01205828867375242
3205309,79,0.002151451006488793
3205309,80,0.012821928209534136
3205309,81,0.0447682324440865
3205309,82,0.015624732705254402
3205309,84,0.31632206438177285
3205309,85,0.04277137917271716
3205309,86,0.039334334903344766
3205309,87,4.483265949840233e-4
3205309,88,0.0067491447493927435
3205309,90,1.6073515991891005e-4
3205309,91,1.233937187403461e-4
3205309,93,0.003151125517065599
3205309,94,0.051596939841584484
3205309,95,0.003236255174223497
3205309,96,0.0038652959379846244
3205309,97,1.4763552000915278e-4
3205309,99,2.065982834334334e-5
3304557,00,0.013603291263330305
3304557,01,3.7190595448447877e-4
3304557,02,3.1954923684568834e-5
3304557,03,2.7471709042301305e-4
3304557,05,5.630751906837597e-6
3304557,06,3.435200968422321e-4
3304557,07,5.547729296384224e-4
3304557,08,2.097196318905552e-4
3304557,09,0.005352954149945851
3304557,10,0.006834349442142739
3304557,11,0.002565193141955214
3304557,12,6.968204113044482e-4
3304557,13,0.001434220686998967
3304557,14,0.008715828247146696
3304557,15,0.0014061592718307657
3304557,16,3.6979915703234576e-4
3304557,17,0.0011999473943863353
3304557,18,0.0031673826303540323
3304557,19,2.611667440015091e-4
3304557,20,0.004220904220216877
3304557,21,0.0033436416149859064
3304557,22,0.004040294177959921
3304557,23,0.002376737979927967
3304557,24,0.00193772392193316
3304557,25,0.003808957111688908
3304557,26,0.0011572176605143634
3304557,27,0.0015868571453513478
3304557,28,0.0036197772934483353
3304557,29,7.854713280251226e-4
3304557,30,0.0019058270628620065
3304557,31,8.900944760556647e-4
3304557,32,0.0016049896701049227
3304557,33,0.0030289867524963847
3304557,35,0.003383020982149411
3304557,36,0.0035781060420772585
3304557,37,2.6002634695718266e-4
3304557,38,0.008252924921917372
3304557,39,2.0553266926624167e-5
3304557,41,0.012083936458139323
3304557,42,0.01693286556273072
3304557,43,0.012055333264410033
3304557,45,0.012867968762934643
3304557,46,0.02963124593575245
3304557,47,0.12084718057330297
3304557,49,0.03532845903576455
3304557,50,0.0034811971759146883
3304557,51,0.0024451129219018805
3304557,52,0.010508147007231445
3304557,53,0.006246092727610426
3304557,55,0.007779058627999374
3304557,56,0.04450990108419844
3304557,58,0.005090739392184101
3304557,59,0.0013904548250838456
3304557,60,0.005639886947850234
3304557,61,0.00867058114865704
3304557,62,0.007899850128870707
3304557,63,0.003266033684828359
3304557,64,0.018810519809718304
3304557,65,0.007962100207726284
3304557,66,0.003943569593767878
3304557,68,0.0037739094233346015
3304557,69,0.00842741895761654
3304557,70,0.0063073514691731804
3304557,71,0.010361143380476086
3304557,72,0.0038266732910044246
3304557,73,0.0020060494206189435
3304557,74,0.0022282964804915583
3304557,75,2.2222202356237658e-4
3304557,77,0.0045248758228802755
3304557,78,0.01828475512146718
3304557,79,0.002640794510930626
3304557,80,0.019484229004034632
3304557,81,0.05812962107918738
3304557,82,0.030841588707861793
3304557,84,0.21421810997279694
3304557,85,0.0470453361022409
3304557,86,0.03752889999729096
3304557,87,0.0011206296685291647
3304557,88,0.0018117286148047755
3304557,90,9.980094995382287e-4
3304557,91,2.2916664478777376e-4
3304557,92,9.483065712424594e-4
3304557,93,0.008442996190057134
3304557,94,0.02648274069896683
3304557,95,0.003625042264911352
3304557,96,0.011688065613038496
3304557,97,8.128696279008501e-5
3304557,99,1.290717348895301e-4
3550308,00,0.003743783427620937
3550308,01,8.034260147475707e-4
3550308,02,8.97544831184022e-5
3550308,03,1.1744342436668581e-5
3550308,05,5.041644346128044e-6
3550308,06,9.893935671733107e-6
3550308,07,5.880416155615907e-5
3550308,08,2.863006991336117e-4
3550308,09,1.4550438484135385e-4
3550308,10,0.008732919089182363
3550308,11,7.807595789537521e-4
3550308,12,3.8017883395360214e-4
3550308,13,0.0048119151694797895
3550308,14,0.018560847580270615
3550308,15,0.0011091980094398764
3550308,16,7.884582253598095e-4
3550308,17,0.003171919659036791
3550308,18,0.004028488336141844
3550308,19,2.361534678079775e-4
3550308,20,0.006033454744198291
3550308,21,0.0051332245808726
3550308,22,0.010323026536766967
3550308,23,0.002835779713918584
3550308,24,0.0028308215439960625
3550308,25,0.012017741345614447
3550308,26,0.004602962741535258
3550308,27,0.006656527547820663
3550308,28,0.008213890409678619
3550308,29,0.006388850309183471
3550308,30,6.001408695272959e-4
3550308,31,0.0017258799230606301
3550308,32,0.0038670094241183817
3550308,33,0.0014081063526247225
3550308,35,0.0024474751791946003
3550308,36,0.0020443535865755104
3550308,37,0.0011580778899078377
3550308,38,0.0021066673229155467
3550308,39,9.256195699136e-6
3550308,41,0.01845023436630826
3550308,42,0.015431571992036172
3550308,43,0.013917961548963837
3550308,45,0.016396752049780514
3550308,46,0.042693077415217495
3550308,47,0.11360112803185313
3550308,49,0.02926371376978094
3550308,50,4.264525915979401e-5
3550308,51,0.005036262756175447
3550308,52,0.009074979653268951
3550308,53,0.005863020680773768
3550308,55,0.004087772305320357
3550308,56,0.03573163253759913
3550308,58,0.006200204331035994
3550308,59,0.0010770032828185739
3550308,60,0.0024786328353929256
3550308,61,0.00814040483724867
3550308,62,0.00948905180193293
3550308,63,0.004920017132341856
3550308,64,0.027064832406743723
3550308,65,0.007174721776617627
3550308,66,0.005373601936995169
3550308,68,0.004003876431374867
3550308,69,0.008605143767371202
3550308,70,0.005864742944286559
3550308,71,0.006784314669676373
3550308,72,6.430277851448902e-4
3550308,73,0.005583968211410739
3550308,74,0.0020139412006191424
3550308,75,1.4100777862994021e-4
3550308,77,0.0036673653508803796
3550308,78,0.023286766853487115
3550308,79,0.0027794649877252776
3550308,80,0.020825866353951773
3550308,81,0.03927528856098034
3550308,82,0.04577431288236067
3550308,84,0.20487743699231467
3550308,85,0.03153742303076454
3550308,86,0.04247568911203667
3550308,87,0.0044743464047668465
3550308,88,0.0028574386889450975
3550308,90,4.4157285256971865e-4
3550308,91,3.909820131588928e-4
3550308,92,3.8079675081498807e-4
3550308,93,0.0049049605660562365
3550308,94,0.02077125552282845
3550308,95,0.002995354808957186
3550308,96,0.004723466886917383
3550308,97,9.393757907499319e-5
3550308,99,1.586910452222167e-4
4106902,00,0.04220790434852269
4106902,01,0.0016454463185329867
4106902,02,4.063699552588429e-4
4106902,03,6.683999056476669e-6
4106902,05,4.124761100544442e-6
4106902,07,6.683228873980945e-6
4106902,08,1.8593982835257613e-4
4106902,09,6.276618496783794e-5
4106902,10,0.013625698419265727
4106902,11,0.0025743267169734316
4106902,12,3.913926535813675e-4
4106902,13,0.0015064305882874574
4106902,14,0.0028588767183598874
4106902,15,0.0013206846749751423
4106902,16,0.004063539961761972
4106902,17,0.004238107322192915
4106902,18,0.004080155495369419
4106902,19,3.2391895288663614e-5
4106902,20,0.004643176056488666
4106902,21,4.596623820256902e-4
4106902,22,0.005157536589866449
4106902,23,0.002768772550997142
4106902,24,0.0018601578978087307
4106902,25,0.00748886380294407
4106902,26,0.007084630698190085
4106902,27,0.008139624677803723
4106902,28,0.007943466083285751
4106902,29,0.017692927509555263
4106902,30,9.022101691017346e-5
4106902,31,0.00279159705843363
4106902,32,0.0023947484415569598
4106902,33,0.002529482092968308
4106902,35,0.011649091365111554
4106902,36,0.008500295509714791
4106902,37,5.704708421375679e-4
4106902,38,0.0039354614481909665
4106902,39,9.411917223735239e-6
4106902,41,0.015575742296703013
4106902,42,0.012888658425526242
4106902,43,0.007123905010159711
4106902,45,0.023429603727799887
4106902,46,0.02400239509429964
4106902,47,0.13224699935533232
4106902,49,0.03359153935599246
4106902,50,2.1494494722544423e-5
4106902,51,2.0364901497396093e-4
4106902,52,0.005086766281606883
4106902,53,0.005497246966629226
4106902,55,0.005295690591000273
4106902,56,0.03519657735350773
4106902,58,0.007294086846789596
4106902,59,6.24285586079276e-4
4106902,60,0.001621289006484759
4106902,61,0.008304616288076345
4106902,62,0.004656223728768988
4106902,63,0.004891973982846538
4106902,64,0.024393652353779348
4106902,65,0.00495677531585703
4106902,66,0.0021625879993374024
4106902,68,0.003412565050557164
4106902,69,0.007407014747918844
4106902,70,0.004257829766344325
4106902,71,0.005246529753427048
4106902,72,9.91026603047931e-4
4106902,73,0.0019497730568869983
4106902,74,0.0014630363265864055
4106902,75,1.3081971834890443e-4
4106902,77,0.003696977443615454
4106902,78,0.013410000145267444
4106902,79,0.0019153082096901967
4106902,80,0.018430224159337687
4106902,81,0.04021332276836577
4106902,82,0.028037467447003347
4106902,84,0.19868739156792667
4106902,85,0.039350741372725796
4106902,86,0.04669630450331141
4106902,87,0.0022316251090518683
4106902,88,0.0035560868127880183
4106902,90,7.347949089179066e-4
4106902,91,6.556737424712753e-4
4106902,92,7.522922352039683e-5
4106902,93,0.005383674983706552
4106902,94,0.03219289274791325
4106902,95,0.002204407367930991
4106902,96,0.003327942122409992
4106902,97,3.537837840896591e-4
4106902,99,1.9873728814269434e-5
4314902,00,0.11749290732423143
4314902,01,0.0018452639618377145
4314902,02,4.4485539776531165e-4
4314902,03,2.269970292407144e-6
4314902,05,8.660125667316751e-5
4314902,06,1.343724942090911e-5
4314902,07,2.1728190585002938e-5
4314902,08,3.3916973249288585e-4
4314902,09,5.932394433041064e-6
4314902,10,0.005721074423696031
4314902,11,0.002466581998813245
4314902,12,6.31321044221342e-4
4314902,13,7.596940024895121e-4
4314902,14,0.0034474793554157422
4314902,15,4.544958693056439e-4
4314902,16,4.009832694940925e-4
4314902,17,0.001040071934850028
4314902,18,0.0028690503277978632
4314902,19,1.3347887474342393e-5
4314902,20,0.0027719510629419875
4314902,21,0.0016110891370310174
4314902,22,0.003055458656099108
4314902,23,0.0019535358625539655
4314902,24,0.0023745823058878603
4314902,25,0.005916590444711174
4314902,26,0.003780783932845955
4314902,27,0.002932050768528586
4314902,28,0.004182242612642395
4314902,29,0.004690561018311373
4314902,30,1.2824949712390547e-4
4314902,31,0.0010225055453291988
4314902,32,0.0013813412351143433
4314902,33,0.004053257378639417
4314902,35,0.005327467878478143
4314902,36,0.004663334900053472
4314902,37,0.0018466298363743368
4314902,38,0.0011160377430073608
4314902,39,1.6448127610713e-5
4314902,41,0.0165990676451108
4314902,42,0.014199478028152175
4314902,43,0.006985088257983482
4314902,45,0.015233450614524847
4314902,46,0.024293253123115425
4314902,47,0.1153030581907252
4314902,49,0.031001502925811837
4314902,50,6.833994732781096e-4
4314902,51,0.001544065946850366
4314902,52,0.007469284341142617
4314902,53,0.006708301118428448
4314902,55,0.004962047801743009
4314902,56,0.03381260774763865
4314902,58,0.0075532294241773285
4314902,59,9.726986057982672e-4
4314902,60,0.0034044612921189637
4314902,61,0.005832587369968384
4314902,62,0.0051910183285435495
4314902,63,0.00589151943567205
4314902,64,0.03297418994674546
4314902,65,0.004728474074975458
4314902,66,0.003821934393755397
4314902,68,0.004383532825517105
4314902,69,0.008520496347476906
4314902,70,0.0021469205012706856
4314902,71,0.00400823339661037
4314902,72,8.259195149141759e-4
4314902,73,0.0025416680929729483
4314902,74,0.0014840599779652357
4314902,75,1.280246389764325e-4
4314902,77,0.0026414975680277035
4314902,78,0.010803311621224207
4314902,79,0.0018152126315430128
4314902,80,0.02155494649782805
4314902,81,0.03352037340516321
4314902,82,0.022452770131458195
4314902,84,0.14668781627822355
4314902,85,0.0877882724359288
4314902,86,0.06289320726493115
4314902,87,0.0039400919100095405
4314902,88,0.003092318818841799
4314902,90,4.023840907945495e-4
4314902,91,1.7050815993904545e-4
4314902,92,1.8347084307340693e-4
4314902,93,0.006163378352342059
4314902,94,0.024286024377145474
4314902,95,0.003088108759723675
4314902,96,0.004201637236597662
4314902,97,1.6833671877619026e-4
4314902,99,9.319068246565352e-5
5002704,00,0.006662140193379097
5002704,01,0.019779819001865626
5002704,02,0.0010561686840491553
5002704,03,4.6304278850608136e-6
5002704,05,6.217185313708581e-5
5002704,06,1.0728567248610162e-4
5002704,08,5.692008497921798e-4
5002704,10,0.01827992715498646
5002704,11,0.003274049139959474
5002704,12,1.344697598231804e-4
5002704,13,8.699444162842359e-4
5002704,14,0.006597746916043438
5002704,15,0.003673498124519784
5002704,16,0.0024069583306173354
5002704,17,8.948049288535926e-4
5002704,18,0.0025798984094026196
5002704,19,0.001074467011230428
5002704,20,0.0012825811595701504
5002704,21,5.262034599188372e-4
5002704,22,0.002304609093683063
5002704,23,0.0028229263086796356
5002704,24,7.030612106838387e-4
5002704,25,0.0032108451860152582
5002704,26,1.8162537805146167e-4
5002704,27,1.7531772178450746e-4
5002704,28,0.001741629791609999
5002704,29,7.482646045833473e-4
5002704,30,2.7174948879843982e-5
5002704,31,0.0010910695351370886
5002704,32,7.109117079413999e-4
5002704,33,9.767868247457468e-4
5002704,35,0.0032743860126758797
5002704,36,0.006039908768626855
5002704,37,1.8527708143339052e-4
5002704,38,2.648823818362689e-4
5002704,39,1.3401143771573395e-5
5002704,41,0.03223826862377195
5002704,42,0.024001663260409412
5002704,43,0.009269826192762329
5002704,45,0.027410777926462782
5002704,46,0.02282622988487281
5002704,47,0.12941374668068883
5002704,49,0.03221734722571202
5002704,50,9.826311622693802e-5
5002704,51,8.705502542137562e-4
5002704,52,0.003822644752172733
5002704,53,0.00617945332493402
5002704,55,0.005095460441630359
5002704,56,0.01900724377599793
5002704,58,0.002615301665468366
5002704,59,5.759057385398279e-4
5002704,60,0.003059183284293395
5002704,61,0.003152902370352381
5002704,62,0.00497597380415087
5002704,63,0.0023756916741181737
5002704,64,0.012222479777599578
5002704,65,0.0037945443380523205
5002704,66,0.0013681059870862648
5002704,68,0.001074312023755198
5002704,69,0.003903972677530322
5002704,70,9.241267570231392e-4
5002704,71,0.002270846265107192
5002704,72,0.0012238504935196365
5002704,73,0.0015194974253953128
5002704,74,0.0011074673262031543
5002704,75,1.90919606861832e-4
5002704,77,0.0033287789077530634
5002704,78,0.008939855512468554
5002704,79,0.0014288382097522381
5002704,80,0.016543625348131124
5002704,81,0.028992639824373456
5002704,82,0.025711393712610636
5002704,84,0.3195741892618931
5002704,85,0.041642124607250336
5002704,86,0.051912031895929085
5002704,87,6.775108660023668e-4
5002704,88,0.001674068723138612
5002704,90,0.0011570579127526217
5002704,91,1.5437756016271103e-5
5002704,92,2.1091069043499276e-4
5002704,93,0.0029639547685428973
5002704,94,0.033721287183376074
5002704,95,0.0027485901204639487
5002704,96,0.0053756471825371745
5002704,97,3.5827675164572633e-4
5002704,99,4.27918349756389e-5
5208707,00,0.12201156169539666
5208707,01,0.005786818594572824
5208707,02,2.7587500720809893e-5
5208707,03,7.607986423017671e-5
5208707,05,2.034670790266135e-5
5208707,06,1.0588632168020916e-5
5208707,07,1.548617783078352e-4
5208707,08,1.222412570213606e-4
5208707,09,4.367590839220318e-5
5208707,10,0.018459829075055327
5208707,11,0.0015596632957864565
5208707,12,1.0716518632471187e-4
5208707,13,0.0022387143067553105
5208707,14,0.024265471207936658
5208707,15,0.004244822096624787
5208707,16,8.560445542285431e-4
5208707,17,0.0010823175214504258
5208707,18,0.003060546205365583
5208707,19,1.9092665937084835e-4
5208707,20,0.0032292221513458394
5208707,21,0.005100647780120666
5208707,22,0.005101369752723382
5208707,23,0.0035344613008901787
5208707,24,7.136320178904861e-4
5208707,25,0.004284590307535037
5208707,26,3.030683630477024e-4
5208707,27,6.076378371786374e-4
5208707,28,0.0015352235692675088
5208707,29,0.001470729654844844
5208707,30,9.155920465703914e-5
5208707,31,0.004448099960581211
5208707,32,0.0022674674420385212
5208707,33,0.001255146691973399
5208707,35,0.0036777909663132046
5208707,36,0.00852332418698584
5208707,37,3.5945551849786894e-4
5208707,38,9.523693324116693e-4
5208707,39,4.521490645035855e-6
5208707,41,0.03237262939842086
5208707,42,0.017183093716005123
5208707,43,0.005601822531693077
5208707,45,0.03074532073538758
5208707,46,0.035442474361722966
5208707,47,0.12522960420881954
5208707,49,0.030196558334017992
5208707,50,3.138457396003152e-5
5208707,51,0.0010338604313753486
5208707,52,0.0038562968869860605
5208707,53,0.003561389894131768
5208707,55,0.004617683520088134
5208707,56,0.025028084635496824
5208707,58,0.003279793763742867
5208707,59,5.185355169146026e-4
5208707,60,0.002618754841679067
5208707,61,0.0037640335874466507
5208707,62,0.002710440101213159
5208707,63,0.0033126112984019768
5208707,64,0.014511042172781275
5208707,65,0.0019896716606097146
5208707,66,0.0013008310567282518
5208707,68,0.002234874838259705
5208707,69,0.004283029114176491
5208707,70,0.0012362011987120506
5208707,71,0.0022640047193623314
5208707,72,9.673310596852314e-4
5208707,73,0.0014178855367530298
5208707,74,0.0014866289875833593
5208707,75,9.650728520681172e-5
5208707,77,0.0021942313385243015
5208707,78,0.004544727484065895
5208707,79,0.0012652297051744842
5208707,80,0.005662417992721146
5208707,81,0.01966137775612056
5208707,82,0.030580612479144842
5208707,84,0.21787309336195854
5208707,85,0.04004497521608869
5208707,86,0.03780985348784208
5208707,87,0.0038917529359927473
5208707,88,0.0029721476486236596
5208707,90,3.858232262606611e-4
5208707,91,1.8967370920709088e-5
5208707,92,4.717175642290683e-5
5208707,93,0.004667649936091445
5208707,94,0.02536780886649122
5208707,95,0.0023986416512371627
5208707,96,0.005433954268700909
5208707,97,5.270145864933206e-4
5208707,99,1.5256366422143844e-5
5300108,00,0.013558908137966412
5300108,01,0.006261535739674819
5300108,02,2.883530760358701e-5
5300108,03,3.240951166968553e-5
5300108,05,3.175732323873885e-6
5300108,07,7.133549158040817e-5
5300108,08,3.05910792866789e-4
5300108,09,1.0260845817485169e-4
5300108,10,0.006373036599230769
5300108,11,0.0019707437509935495
5300108,12,6.244698148863995e-5
5300108,13,9.496379670207505e-5
5300108,14,0.0012196099176782303
5300108,15,6.6523850385779e-5
5300108,16,5.182328260902563e-4
5300108,17,3.504544982407974e-4
5300108,18,0.0018042426331190686
5300108,19,7.605954394100773e-5
5300108,20,4.1229545659077487e-4
5300108,21,7.853785066453564e-4
5300108,22,6.367373013457889e-4
5300108,23,0.0016606724988683804
5300108,24,3.827684773675373e-4
5300108,25,0.0015427556204429909
5300108,26,3.600214220408431e-4
5300108,27,2.9404285674807266e-4
5300108,28,4.36112097682121e-4
5300108,29,1.5581859515377533e-4
5300108,30,6.046048914452732e-5
5300108,31,0.0012143479444405168
5300108,32,3.319386422243348e-4
5300108,33,7.62100449853883e-4
5300108,35,0.0024653004484008504
5300108,36,0.0024995612996941354
5300108,37,0.0023803641465017884
5300108,38,5.664000904224349e-4
5300108,39,2.2440624156225573e-5
5300108,41,0.02317176826710928
5300108,42,0.01662331903568966
5300108,43,0.007744081871740327
5300108,45,0.018073879852674248
5300108,46,0.01804133539998795
5300108,47,0.10493387688094012
5300108,49,0.02113030473540017
5300108,50,6.039348434851701e-6
5300108,51,0.0016072573418099997
5300108,52,0.005162489828086127
5300108,53,0.007299243482240497
5300108,55,0.004464396499920328
5300108,56,0.031035844182029586
5300108,58,0.0022722356339139383
5300108,59,5.044556223386965e-4
5300108,60,0.0020737769458750144
5300108,61,0.005541117406595132
5300108,62,0.014805805502405414
5300108,63,0.004125500234163459
5300108,64,0.028177345609065325
5300108,65,0.0033178551273096535
5300108,66,0.001940228633607279
5300108,68,0.001915026247552343
5300108,69,0.004210503367902288
5300108,70,0.0014403354448236233
5300108,71,0.0035564199979618186
5300108,72,0.0032788254467295075
5300108,73,0.001391606606709586
5300108,74,0.0013025078863320128
5300108,75,1.8014871917399784e-4
5300108,77,0.00244288261132003
5300108,78,0.018301256911265263
5300108,79,0.002219011522541756
5300108,80,0.019008728688198685
5300108,81,0.045748639666732496
5300108,82,0.023548209407221778
5300108,84,0.40156405836373
5300108,85,0.032023770313665725
5300108,86,0.024302192649598462
5300108,87,8.956504536949874e-4
5300108,88,0.002247095087579292
5300108,90,1.981339157324139e-4
5300108,91,0.0015952178462224974
5300108,92,5.283679287095719e-5
5300108,93,0.004816213944755927
5300108,94,0.02431914469500157
5300108,95,0.002108957865486476
5300108,96,0.0041684897705805465
5300108,97,1.99658541453721e-4
5300108,99,0.001045899527397815
