ano,cnae_divisao,emprego_nacional
2006,00,668112
2006,01,1264529
2006,02,118157
2006,03,18524
2006,05,6116
2006,06,22331
2006,07,46507
2006,08,75746
2006,09,29817
2006,10,1147833
2006,11,104155
2006,12,15839
2006,13,291557
2006,14,569296
2006,15,386501
2006,16,226328
2006,17,153545
2006,18,101276
2006,19,97533
2006,20,239057
2006,21,83503
2006,22,385076
2006,23,324250
2006,24,220871
2006,25,410868
2006,26,140510
2006,27,170867
2006,28,281950
2006,29,380448
2006,30,67076
2006,31,213972
2006,32,105054
2006,33,87512
2006,35,107023
2006,36,116155
2006,37,36593
2006,38,103241
2006,39,1289
2006,41,628988
2006,42,513301
2006,43,292737
2006,45,673003
2006,46,1007107
2006,47,4654042
2006,49,1170794
2006,50,23118
2006,51,39906
2006,52,230597
2006,53,139200
2006,55,245779
2006,56,889213
2006,58,109173
2006,59,21056
2006,60,75824
2006,61,106093
2006,62,158747
2006,63,152856
2006,64,513472
2006,65,95649
2006,66,73540
2006,68,69363
2006,69,171965
2006,70,75527
2006,71,146506
2006,72,37585
2006,73,54394
2006,74,64172
2006,75,3967
2006,77,107839
2006,78,503463
2006,79,48076
2006,80,417466
2006,81,1005320
2006,82,781540
2006,84,7325587
2006,85,1172228
2006,86,1160337
2006,87,79323
2006,88,83728
2006,90,11740
2006,91,6158
2006,92,13424
2006,93,149117
2006,94,786347
2006,95,70408
2006,96,158001
2006,97,10610
2006,99,7846
2007,00,711423
2007,01,1278462
2007,02,131498
2007,03,17048
2007,05,5534
2007,06,24312
2007,07,48257
2007,08,77494
2007,09,27733
2007,10,1258678
2007,11,110334
2007,12,15761
2007,13,306137
2007,14,609740
2007,15,392634
2007,16,224136
2007,17,158324
2007,18,104938
2007,19,107940
2007,20,240849
2007,21,84867
2007,22,395845
2007,23,342971
2007,24,245729
2007,25,452729
2007,26,153493
2007,27,187996
2007,28,328376
2007,29,434486
2007,30,76241
2007,31,225545
2007,32,111567
2007,33,98676
2007,35,116071
2007,36,117715
2007,37,37370
2007,38,115361
2007,39,1233
2007,41,717478
2007,42,603358
2007,43,343042
2007,45,749731
2007,46,1120012
2007,47,4971930
2007,49,1219693
2007,50,25758
2007,51,51682
2007,52,257005
2007,53,159682
2007,55,257532
2007,56,975555
2007,58,109433
2007,59,20182
2007,60,77267
2007,61,123166
2007,62,169948
2007,63,120161
2007,64,525384
2007,65,103347
2007,66,80760
2007,68,71599
2007,69,189787
2007,70,87778
2007,71,170835
2007,72,44873
2007,73,57714
2007,74,61027
2007,75,4175
2007,77,120491
2007,78,540815
2007,79,49945
2007,80,450869
2007,81,1062222
2007,82,874639
2007,84,7695193
2007,85,1341109
2007,86,1187094
2007,87,80256
2007,88,81627
2007,90,12481
2007,91,7154
2007,92,3281
2007,93,149928
2007,94,841259
2007,95,81804
2007,96,163149
2007,97,12378
2007,99,4339
2008,00,456583
2008,01,1319184
2008,02,124273
2008,03,18347
2008,05,5744
2008,06,26796
2008,07,55115
2008,08,77747
2008,09,39394
2008,10,1293255
2008,11,111683
2008,12,16034
2008,13,303384
2008,14,637152
2008,15,375225
2008,16,205442
2008,17,161354
2008,18,112107
2008,19,128190
2008,20,247786
2008,21,90855
2008,22,412755
2008,23,362114
2008,24,253744
2008,25,482970
2008,26,155225
2008,27,193767
2008,28,354437
2008,29,444282
2008,30,85405
2008,31,228942
2008,32,117223
2008,33,105349
2008,35,116440
2008,36,118965
2008,37,35538
2008,38,126538
2008,39,1156
2008,41,850834
2008,42,719158
2008,43,414166
2008,45,811478
2008,46,1214546
2008,47,5310756
2008,49,1292400
2008,50,28533
2008,51,56312
2008,52,294369
2008,53,164763
2008,55,267789
2008,56,1062710
2008,58,115689
2008,59,20397
2008,60,80205
2008,61,128087
2008,62,195973
2008,63,120111
2008,64,562195
2008,65,118490
2008,66,76475
2008,68,77832
2008,69,212732
2008,70,95081
2008,71,210521
2008,72,48964
2008,73,66401
2008,74,57580
2008,75,4364
2008,77,134357
2008,78,506187
2008,79,56128
2008,80,492467
2008,81,1115036
2008,82,981260
2008,84,7974316
2008,85,1339779
2008,86,1269775
2008,87,88662
2008,88,93037
2008,90,13361
2008,91,7394
2008,92,2748
2008,93,156017
2008,94,850532
2008,95,90554
2008,96,173180
2008,97,11988
2008,99,5377
2009,01,1330881
2009,02,113678
2009,03,16451
2009,05,5095
2009,06,27353
2009,07,55286
2009,08,77731
2009,09,43371
2009,10,1335042
2009,11,117761
2009,12,15829
2009,13,298601
2009,14,652489
2009,15,385610
2009,16,192856
2009,17,163182
2009,18,114627
2009,19,133738
2009,20,252760
2009,21,91931
2009,22,414540
2009,23,373087
2009,24,230213
2009,25,481376
2009,26,148541
2009,27,195070
2009,28,333948
2009,29,447050
2009,30,84096
2009,31,234066
2009,32,123535
2009,33,112179
2009,35,120911
2009,36,120832
2009,37,28347
2009,38,141825
2009,39,1443
2009,41,957057
2009,42,788111
2009,43,476086
2009,45,848617
2009,46,1272935
2009,47,5598844
2009,49,1357348
2009,50,28131
2009,51,60385
2009,52,318660
2009,53,159077
2009,55,277652
2009,56,1122467
2009,58,113124
2009,59,22297
2009,60,83956
2009,61,135707
2009,62,224266
2009,63,117906
2009,64,568298
2009,65,115289
2009,66,80359
2009,68,88339
2009,69,268331
2009,70,93969
2009,71,238253
2009,72,48286
2009,73,65910
2009,74,70286
2009,75,4680
2009,77,148099
2009,78,523017
2009,79,58273
2009,80,526718
2009,81,1190613
2009,82,1002641
2009,84,8808318
2009,85,1425668
2009,86,1382692
2009,87,86957
2009,88,93231
2009,90,14313
2009,91,7004
2009,92,1940
2009,93,165254
2009,94,859994
2009,95,93693
2009,96,181132
2009,97,13202
2009,99,4830
2010,01,1303092
2010,02,129703
2010,03,17270
2010,05,5418
2010,06,29294
2010,07,65572
2010,08,85285
2010,09,25647
2010,10,1400852
2010,11,126398
2010,12,15608
2010,13,312690
2010,14,706125
2010,15,419973
2010,16,204350
2010,17,173219
2010,18,123095
2010,19,150674
2010,20,271120
2010,21,92472
2010,22,446369
2010,23,413722
2010,24,254037
2010,25,526202
2010,26,165056
2010,27,212780
2010,28,373660
2010,29,506160
2010,30,93313
2010,31,256352
2010,32,135371
2010,33,137525
2010,35,120591
2010,36,122684
2010,37,24616
2010,38,163862
2010,39,1691
2010,41,1197149
2010,42,847985
2010,43,588540
2010,45,927538
2010,46,1380202
2010,47,6005089
2010,49,1477938
2010,50,33374
2010,51,67527
2010,52,359762
2010,53,163782
2010,55,293555
2010,56,1238176
2010,58,114910
2010,59,24528
2010,60,90098
2010,61,148272
2010,62,255876
2010,63,121943
2010,64,602325
2010,65,118774
2010,66,91400
2010,68,101622
2010,69,316664
2010,70,102050
2010,71,272722
2010,72,49387
2010,73,71900
2010,74,82391
2010,75,5112
2010,77,174886
2010,78,555271
2010,79,65232
2010,80,575784
2010,81,1287203
2010,82,1096434
2010,84,8966385
2010,85,1529330
2010,86,1457834
2010,87,95278
2010,88,97450
2010,90,15486
2010,91,6832
2010,92,1894
2010,93,175882
2010,94,893633
2010,95,103067
2010,96,194137
2010,97,5946
2010,99,7952
2011,01,1370913
2011,02,133009
2011,03,18711
2011,05,4947
2011,06,29597
2011,07,75731
2011,08,91167
2011,09,29947
2011,10,1452835
2011,11,130829
2011,12,15132
2011,13,302262
2011,14,704033
2011,15,408761
2011,16,202043
2011,17,175122
2011,18,125213
2011,19,164354
2011,20,273143
2011,21,93386
2011,22,444267
2011,23,439271
2011,24,259737
2011,25,544703
2011,26,177066
2011,27,223135
2011,28,402882
2011,29,526099
2011,30,97619
2011,31,269035
2011,32,142573
2011,33,153009
2011,35,126527
2011,36,123490
2011,37,16283
2011,38,177523
2011,39,1445
2011,41,1309243
2011,42,920170
2011,43,679718
2011,45,986174
2011,46,1454237
2011,47,6315917
2011,49,1584793
2011,50,36630
2011,51,72653
2011,52,389462
2011,53,177890
2011,55,308487
2011,56,1334741
2011,58,112937
2011,59,26009
2011,60,94067
2011,61,182591
2011,62,278487
2011,63,116968
2011,64,621807
2011,65,128882
2011,66,89553
2011,68,114424
2011,69,357607
2011,70,103295
2011,71,308028
2011,72,48442
2011,73,86033
2011,74,99330
2011,75,5441
2011,77,201449
2011,78,539498
2011,79,71218
2011,80,627502
2011,81,1404741
2011,82,1185415
2011,84,9152902
2011,85,1644599
2011,86,1574638
2011,87,91995
2011,88,107608
2011,90,16600
2011,91,6574
2011,92,1470
2011,93,188098
2011,94,877602
2011,95,126252
2011,96,206342
2011,97,11392
2011,99,4921
2012,01,1352881
2012,02,122403
2012,03,17896
2012,05,5877
2012,06,33160
2012,07,90195
2012,08,95621
2012,09,34444
2012,10,1438869
2012,11,144689
2012,12,14911
2012,13,298619
2012,14,695172
2012,15,401849
2012,16,196792
2012,17,177230
2012,18,126152
2012,19,160979
2012,20,274919
2012,21,96618
2012,22,452373
2012,23,451568
2012,24,251651
2012,25,539641
2012,26,175462
2012,27,228222
2012,28,410587
2012,29,514483
2012,30,105422
2012,31,279558
2012,32,149441
2012,33,169338
2012,35,124003
2012,36,128348
2012,37,19347
2012,38,183914
2012,39,1319
2012,41,1339911
2012,42,945889
2012,43,729573
2012,45,1024329
2012,46,1528235
2012,47,6590104
2012,49,1649172
2012,50,36949
2012,51,71160
2012,52,415158
2012,53,184314
2012,55,322405
2012,56,1417372
2012,58,110214
2012,59,28378
2012,60,98506
2012,61,195176
2012,62,315349
2012,63,108114
2012,64,642572
2012,65,138065
2012,66,88520
2012,68,127059
2012,69,390160
2012,70,99095
2012,71,319217
2012,72,43169
2012,73,90227
2012,74,102644
2012,75,6048
2012,77,213737
2012,78,604448
2012,79,75520
2012,80,677082
2012,81,1431400
2012,82,1244180
2012,84,8989012
2012,85,1740779
2012,86,1682570
2012,87,96295
2012,88,126879
2012,90,18859
2012,91,6192
2012,92,1275
2012,93,200141
2012,94,877439
2012,95,126789
2012,96,216397
2012,97,4865
2012,99,3816
2013,01,1368727
2013,02,111832
2013,03,18907
2013,05,5336
2013,06,34020
2013,07,89944
2013,08,97970
2013,09,34113
2013,10,1504798
2013,11,139074
2013,12,14170
2013,13,302869
2013,14,696085
2013,15,395461
2013,16,192868
2013,17,181634
2013,18,123924
2013,19,162777
2013,20,281824
2013,21,99388
2013,22,457043
2013,23,460712
2013,24,250700
2013,25,535015
2013,26,179041
2013,27,225643
2013,28,428140
2013,29,532364
2013,30,115065
2013,31,284319
2013,32,156918
2013,33,180304
2013,35,127062
2013,36,130741
2013,37,23219
2013,38,196886
2013,39,1621
2013,41,1351652
2013,42,955272
2013,43,787229
2013,45,1027994
2013,46,1584156
2013,47,6817524
2013,49,1721479
2013,50,43705
2013,51,70695
2013,52,427608
2013,53,189396
2013,55,336961
2013,56,1503343
2013,58,105744
2013,59,29921
2013,60,93743
2013,61,205771
2013,62,326438
2013,63,109439
2013,64,645313
2013,65,141338
2013,66,91537
2013,68,135478
2013,69,414985
2013,70,100908
2013,71,320808
2013,72,46504
2013,73,90853
2013,74,101496
2013,75,6517
2013,77,218114
2013,78,558934
2013,79,76137
2013,80,697814
2013,81,1474994
2013,82,1318381
2013,84,9395748
2013,85,1827614
2013,86,1776878
2013,87,99666
2013,88,129330
2013,90,19190
2013,91,6673
2013,92,1267
2013,93,210827
2013,94,855608
2013,95,121039
2013,96,225006
2013,97,4872
2013,99,6020
2014,01,1365113
2014,02,109344
2014,03,20448
2014,05,5360
2014,06,31810
2014,07,87874
2014,08,97816
2014,09,34746
2014,10,1531732
2014,11,138250
2014,12,13688
2014,13,296028
2014,14,683752
2014,15,372499
2014,16,189195
2014,17,184767
2014,18,121979
2014,19,158758
2014,20,282389
2014,21,103101
2014,22,455677
2014,23,457034
2014,24,236904
2014,25,509829
2014,26,167344
2014,27,224188
2014,28,408118
2014,29,489279
2014,30,111719
2014,31,283001
2014,32,157834
2014,33,188781
2014,35,126086
2014,36,132015
2014,37,16484
2014,38,209718
2014,39,1525
2014,41,1318124
2014,42,889164
2014,43,812139
2014,45,1034516
2014,46,1640730
2014,47,6971130
2014,49,1776584
2014,50,45636
2014,51,71731
2014,52,443057
2014,53,187199
2014,55,352044
2014,56,1585110
2014,58,102121
2014,59,29947
2014,60,96261
2014,61,191466
2014,62,341173
2014,63,114560
2014,64,649445
2014,65,150307
2014,66,94620
2014,68,143375
2014,69,433796
2014,70,105054
2014,71,295856
2014,72,49350
2014,73,92295
2014,74,96922
2014,75,7324
2014,77,225069
2014,78,552193
2014,79,75389
2014,80,711781
2014,81,1539551
2014,82,1366299
2014,84,9409661
2014,85,1959373
2014,86,1887639
2014,87,105160
2014,88,138324
2014,90,18967
2014,91,6465
2014,92,1205
2014,93,223289
2014,94,867442
2014,95,116951
2014,96,231501
2014,97,5139
2014,99,4891
2015,01,1385502
2015,02,103775
2015,03,19773
2015,05,4309
2015,06,30941
2015,07,80748
2015,08,94748
2015,09,29742
2015,10,1529478
2015,11,129833
2015,12,13863
2015,13,260478
2015,14,614614
2015,15,341489
2015,16,176219
2015,17,177323
2015,18,113243
2015,19,151262
2015,20,269618
2015,21,103187
2015,22,412431
2015,23,427447
2015,24,213790
2015,25,450799
2015,26,136234
2015,27,198288
2015,28,361416
2015,29,426107
2015,30,98269
2015,31,256067
2015,32,147592
2015,33,176465
2015,35,132013
2015,36,132291
2015,37,14320
2015,38,200167
2015,39,1553
2015,41,1117557
2015,42,730394
2015,43,737217
2015,45,981998
2015,46,1617214
2015,47,6853786
2015,49,1740127
2015,50,43492
2015,51,68562
2015,52,421388
2015,53,182627
2015,55,352643
2015,56,1579164
2015,58,90215
2015,59,29437
2015,60,94164
2015,61,191772
2015,62,346633
2015,63,116353
2015,64,644384
2015,65,152564
2015,66,99269
2015,68,146122
2015,69,448103
2015,70,108180
2015,71,256575
2015,72,46204
2015,73,93131
2015,74,90501
2015,75,9233
2015,77,219644
2015,78,480743
2015,79,70970
2015,80,670107
2015,81,1544189
2015,82,1343389
2015,84,9249508
2015,85,2003819
2015,86,1952290
2015,87,109172
2015,88,139599
2015,90,18540
2015,91,5924
2015,92,1201
2015,93,232594
2015,94,863137
2015,95,114358
2015,96,227184
2015,97,4364
2015,99,5672
2016,01,1363249
2016,02,101847
2016,03,18115
2016,05,3958
2016,06,28047
2016,07,78783
2016,08,87160
2016,09,23383
2016,10,1479226
2016,11,123524
2016,12,13919
2016,13,251826
2016,14,579321
2016,15,341326
2016,16,165289
2016,17,171536
2016,18,105882
2016,19,143158
2016,20,268542
2016,21,102342
2016,22,395245
2016,23,386928
2016,24,199063
2016,25,409017
2016,26,124703
2016,27,184217
2016,28,326342
2016,29,386595
2016,30,81330
2016,31,234843
2016,32,143847
2016,33,165966
2016,35,130042
2016,36,131160
2016,37,12751
2016,38,185887
2016,39,2313
2016,41,900578
2016,42,589948
2016,43,631809
2016,45,936792
2016,46,1598734
2016,47,6654312
2016,49,1656963
2016,50,42604
2016,51,63871
2016,52,404645
2016,53,175781
2016,55,341212
2016,56,1548393
2016,58,79096
2016,59,29391
2016,60,90268
2016,61,188510
2016,62,337795
2016,63,107259
2016,64,626274
2016,65,154126
2016,66,98600
2016,68,141884
2016,69,446647
2016,70,98816
2016,71,224510
2016,72,43001
2016,73,93773
2016,74,83180
2016,75,10822
2016,77,206042
2016,78,458172
2016,79,66740
2016,80,627408
2016,81,1539229
2016,82,1286438
2016,84,8874302
2016,85,2000726
2016,86,1982135
2016,87,117841
2016,88,140246
2016,90,17143
2016,91,6290
2016,92,1109
2016,93,228591
2016,94,822971
2016,95,106493
2016,96,218726
2016,97,3670
2016,99,5650
2017,01,1388934
2017,02,98234
2017,03,19077
2017,05,3825
2017,06,24830
2017,07,80732
2017,08,80393
2017,09,22557
2017,10,1526746
2017,11,118971
2017,12,9451
2017,13,257186
2017,14,568852
2017,15,330657
2017,16,161144
2017,17,170083
2017,18,101266
2017,19,135947
2017,20,269937
2017,21,102168
2017,22,404668
2017,23,365606
2017,24,198844
2017,25,400057
2017,26,121018
2017,27,175778
2017,28,319374
2017,29,400137
2017,30,70948
2017,31,231934
2017,32,141290
2017,33,170820
2017,35,125291
2017,36,130935
2017,37,12341
2017,38,187542
2017,39,1889
2017,41,794587
2017,42,561655
2017,43,605549
2017,45,928242
2017,46,1607103
2017,47,6622869
2017,49,1632306
2017,50,43046
2017,51,63017
2017,52,408377
2017,53,166699
2017,55,334461
2017,56,1556302
2017,58,73832
2017,59,28433
2017,60,87991
2017,61,194355
2017,62,337999
2017,63,93190
2017,64,614691
2017,65,151539
2017,66,103538
2017,68,142827
2017,69,448801
2017,70,103562
2017,71,228867
2017,72,41405
2017,73,97717
2017,74,88279
2017,75,12459
2017,77,208744
2017,78,490834
2017,79,67328
2017,80,586640
2017,81,1527491
2017,82,1340385
2017,84,9246628
2017,85,2037555
2017,86,2028802
2017,87,123431
2017,88,141953
2017,90,15718
2017,91,6016
2017,92,1076
2017,93,231207
2017,94,805982
2017,95,102943
2017,96,208750
2017,97,3318
2017,99,3629
2018,01,1379099
2018,02,99019
2018,03,19796
2018,05,3813
2018,06,23061
2018,07,81951
2018,08,79577
2018,09,24227
2018,10,1522603
2018,11,119014
2018,12,9464
2018,13,252055
2018,14,541612
2018,15,325437
2018,16,160763
2018,17,172129
2018,18,99474
2018,19,139407
2018,20,270420
2018,21,101710
2018,22,404442
2018,23,357893
2018,24,205345
2018,25,399519
2018,26,118461
2018,27,171753
2018,28,330507
2018,29,417429
2018,30,65609
2018,31,232230
2018,32,145172
2018,33,179049
2018,35,125897
2018,36,132172
2018,37,12989
2018,38,197352
2018,39,1699
2018,41,778710
2018,42,575217
2018,43,623255
2018,45,930124
2018,46,1623132
2018,47,6597513
2018,49,1656783
2018,50,42710
2018,51,61839
2018,52,416305
2018,53,160346
2018,55,337296
2018,56,1583034
2018,58,65594
2018,59,27811
2018,60,86304
2018,61,196352
2018,62,369782
2018,63,91979
2018,64,610867
2018,65,162398
2018,66,115236
2018,68,150607
2018,69,458223
2018,70,102870
2018,71,241710
2018,72,42660
2018,73,108510
2018,74,100693
2018,75,14655
2018,77,199540
2018,78,532145
2018,79,67431
2018,80,606555
2018,81,1592103
2018,82,1412136
2018,84,9128919
2018,85,2105299
2018,86,2105784
2018,87,123322
2018,88,149809
2018,90,16754
2018,91,9347
2018,92,984
2018,93,237795
2018,94,783091
2018,95,93244
2018,96,206417
2018,97,2565
2018,99,3211
2019,01,1354522
2019,02,100788
2019,03,18485
2019,05,3513
2019,06,24493
2019,07,88852
2019,08,79325
2019,09,26077
2019,10,1577662
2019,11,119998
2019,12,8674
2019,13,247479
2019,14,531207
2019,15,315943
2019,16,153945
2019,17,171481
2019,18,94801
2019,19,145585
2019,20,267415
2019,21,105027
2019,22,398891
2019,23,352876
2019,24,201667
2019,25,405783
2019,26,112416
2019,27,184173
2019,28,328865
2019,29,417378
2019,30,61272
2019,31,227742
2019,32,149845
2019,33,193689
2019,35,129784
2019,36,129006
2019,37,11617
2019,38,204319
2019,39,1601
2019,41,784976
2019,42,572873
2019,43,629541
2019,45,935816
2019,46,1667508
2019,47,6550182
2019,49,1685851
2019,50,40233
2019,51,62986
2019,52,419330
2019,53,162708
2019,55,338898
2019,56,1597910
2019,58,62223
2019,59,29380
2019,60,81497
2019,61,224310
2019,62,399121
2019,63,90418
2019,64,649834
2019,65,171885
2019,66,136510
2019,68,154951
2019,69,461228
2019,70,110554
2019,71,267963
2019,72,46325
2019,73,115846
2019,74,107232
2019,75,16997
2019,77,217936
2019,78,612064
2019,79,67956
2019,80,609470
2019,81,1541889
2019,82,1434482
2019,84,8906138
2019,85,2076397
2019,86,2153756
2019,87,125718
2019,88,146121
2019,90,14795
2019,91,6430
2019,92,935
2019,93,233804
2019,94,749062
2019,95,88537
2019,96,204847
2019,97,2013
2019,99,2860
2020,01,1345074
2020,02,102462
2020,03,18854
2020,05,3307
2020,06,22340
2020,07,95566
2020,08,81721
2020,09,24732
2020,10,1634511
2020,11,120105
2020,12,9391
2020,13,251830
2020,14,477239
2020,15,286892
2020,16,160180
2020,17,175677
2020,18,86585
2020,19,145925
2020,20,279969
2020,21,107031
2020,22,415025
2020,23,365270
2020,24,203878
2020,25,415400
2020,26,113200
2020,27,193592
2020,28,345619
2020,29,412522
2020,30,67599
2020,31,235539
2020,32,151444
2020,33,203077
2020,35,130861
2020,36,127737
2020,37,11861
2020,38,216189
2020,39,1781
2020,41,820061
2020,42,636563
2020,43,655182
2020,45,897331
2020,46,1681880
2020,47,6412135
2020,49,1644455
2020,50,38678
2020,51,48256
2020,52,417799
2020,53,159819
2020,55,274509
2020,56,1318642
2020,58,56923
2020,59,24020
2020,60,77678
2020,61,250016
2020,62,434408
2020,63,97636
2020,64,581075
2020,65,177583
2020,66,144139
2020,68,158699
2020,69,455313
2020,70,114892
2020,71,276039
2020,72,48867
2020,73,117228
2020,74,114243
2020,75,19428
2020,77,210233
2020,78,741108
2020,79,47195
2020,80,610396
2020,81,1532420
2020,82,1504101
2020,84,8677551
2020,85,1962750
2020,86,2297800
2020,87,132081
2020,88,128113
2020,90,11073
2020,91,5341
2020,92,912
2020,93,204895
2020,94,700277
2020,95,81766
2020,96,189968
2020,97,1882
2020,99,2832
2021,01,1398747
2021,02,113327
2021,03,19742
2021,05,3446
2021,06,21510
2021,07,102146
2021,08,87971
2021,09,28920
2021,10,1670372
2021,11,122957
2021,12,11107
2021,13,266620
2021,14,523039
2021,15,321772
2021,16,174839
2021,17,184056
2021,18,89749
2021,19,154287
2021,20,290007
2021,21,109033
2021,22,428773
2021,23,400573
2021,24,220038
2021,25,448916
2021,26,122555
2021,27,201757
2021,28,383843
2021,29,425003
2021,30,62262
2021,31,250778
2021,32,161133
2021,33,232765
2021,35,131729
2021,36,130048
2021,37,13128
2021,38,237185
2021,39,1890
2021,41,910451
2021,42,670133
2021,43,732949
2021,45,953519
2021,46,1798419
2021,47,6702718
2021,49,1694653
2021,50,42416
2021,51,49999
2021,52,444890
2021,53,153688
2021,55,305113
2021,56,1397219
2021,58,56519
2021,59,25217
2021,60,76622
2021,61,260856
2021,62,531957
2021,63,114722
2021,64,664173
2021,65,179138
2021,66,170813
2021,68,177425
2021,69,477191
2021,70,134821
2021,71,316774
2021,72,50770
2021,73,127992
2021,74,141026
2021,75,25076
2021,77,242992
2021,78,750397
2021,79,47795
2021,80,620209
2021,81,1553244
2021,82,1647504
2021,84,8991082
2021,85,1976724
2021,86,2455300
2021,87,126050
2021,88,137049
2021,90,10995
2021,91,6046
2021,92,758
2021,93,211894
2021,94,727472
2021,95,83862
2021,96,202026
2021,97,1397
2021,99,2793
2022,01,1601974
2022,02,128779
2022,03,20670
2022,05,3616
2022,06,21205
2022,07,102632
2022,08,93702
2022,09,34975
2022,10,1805840
2022,11,129802
2022,12,11002
2022,13,265412
2022,14,555708
2022,15,352608
2022,16,177714
2022,17,194726
2022,18,98338
2022,19,161491
2022,20,305740
2022,21,115189
2022,22,446621
2022,23,420038
2022,24,229470
2022,25,499539
2022,26,126813
2022,27,205949
2022,28,402160
2022,29,442245
2022,30,78432
2022,31,258518
2022,32,177223
2022,33,276293
2022,35,132518
2022,36,137295
2022,37,15183
2022,38,251948
2022,39,1874
2022,41,1038418
2022,42,740526
2022,43,888606
2022,45,1046788
2022,46,1952581
2022,47,7057484
2022,49,1843755
2022,50,44971
2022,51,52563
2022,52,488287
2022,53,158728
2022,55,346221
2022,56,1686637
2022,58,56945
2022,59,29028
2022,60,78345
2022,61,275069
2022,62,598690
2022,63,136981
2022,64,682101
2022,65,186668
2022,66,185498
2022,68,188157
2022,69,530772
2022,70,164831
2022,71,380373
2022,72,55419
2022,73,166993
2022,74,159892
2022,75,32194
2022,77,293764
2022,78,860507
2022,79,61274
2022,80,683402
2022,81,1699261
2022,82,1861685
2022,84,8711475
2022,85,2628355
2022,86,2707846
2022,87,146810
2022,88,166508
2022,90,14820
2022,91,7877
2022,92,616
2022,93,255462
2022,94,826829
2022,95,84947
2022,96,238096
2022,97,1283
2022,99,3284
2023,01,1629139
2023,02,133681
2023,03,20802
2023,05,3192
2023,06,23388
2023,07,108458
2023,08,95604
2023,09,39145
2023,10,1856188
2023,11,134075
2023,12,11986
2023,13,262709
2023,14,531545
2023,15,330487
2023,16,173583
2023,17,194768
2023,18,100755
2023,19,171365
2023,20,320010
2023,21,115671
2023,22,458838
2023,23,411784
2023,24,224790
2023,25,512288
2023,26,120388
2023,27,208642
2023,28,398199
2023,29,447080
2023,30,86167
2023,31,258928
2023,32,180337
2023,33,295815
2023,35,133361
2023,36,138506
2023,37,16740
2023,38,259400
2023,39,1859
2023,41,1093981
2023,42,801113
2023,43,954080
2023,45,1085128
2023,46,2063040
2023,47,7082340
2023,49,1932187
2023,50,48091
2023,51,54149
2023,52,504885
2023,53,153049
2023,55,360557
2023,56,1791863
2023,58,55095
2023,59,27959
2023,60,77084
2023,61,275771
2023,62,622383
2023,63,133692
2023,64,697767
2023,65,189605
2023,66,184666
2023,68,199966
2023,69,534423
2023,70,179249
2023,71,407538
2023,72,57437
2023,73,184334
2023,74,164974
2023,75,34975
2023,77,333415
2023,78,919651
2023,79,67045
2023,80,721214
2023,81,1683689
2023,82,2083790
2023,84,9660431
2023,85,3239528
2023,86,2893835
2023,87,159314
2023,88,175126
2023,90,18183
2023,91,9638
2023,92,902
2023,93,279243
2023,94,881468
2023,95,82100
2023,96,242723
2023,97,969
2023,99,4689
